{
  "app_title": "LEXICON AI",
  "user_account_name": "المستخدم",
  "no_document_selected_title": "لا يوجد مستند",
  "toast_ready": "جاهز",
  "library_title": "المكتبة",
  "lexicon_title": "قاموسي",
  "tooltip_dark_mode": "الوضع الداكن/الفاتح",
  "tooltip_change_language": "تغيير اللغة",
  "tooltip_focus_mode": "وضع القراءة المركزة",
  "tooltip_pen": "قلم",
  "tooltip_palette": "لوحة",
  "tooltip_paint": "طلاء",
  "tooltip_brush": "فرشاة",
  "tooltip_comb": "مشط",
  "add_document_button": "إضافة",
  "document_title_placeholder": "عنوان المستند...",
  "document_text_placeholder": "ألصق نصك هنا...",
  "reader_no_document_selected": "اختر مستندًا من مكتبتك لبدء القراءة.",
  "library_empty_message": "لا توجد مستندات في مكتبتك.",
  "lexicon_empty_message": "قاموسك فارغ.",
  "tooltip_show_left_panel": "إظهار اللوحة اليسرى",
  "tooltip_hide_left_panel": "إخفاء اللوحة اليسرى",
  "tooltip_show_right_panel": "إظهار اللوحة اليمنى",
  "tooltip_hide_right_panel": "إخفاء اللوحة اليمنى",
  "toast_theme_change_error": "تعذر تغيير السمة.",
  "toast_account_in_development": "ميزة الحساب قيد التطوير!",
  "toast_account_error": "خطأ في قسم الحساب.",
  "toast_panel_error": "خطأ أثناء تشغيل اللوحة.",
  "toast_view_change_error": "عذراً! تعذر فتح القسم.",
  "toast_focus_mode_activated": "وضع التركيز: مفعل",
  "toast_focus_mode_deactivated": "وضع التركيز: معطل",
  "toast_focus_mode_error": "خطأ أثناء تغيير وضع التركيز.",
  "toast_main_menu_load_error": "خطأ في تحميل القائمة الرئيسية."
}