{
  "app_title": "LEXICON AI",
  "user_account_name": "ব্যবহারকারী",
  "no_document_selected_title": "কোনো নথি নেই",
  "toast_ready": "প্রস্তুত",
  "library_title": "লাইব্রেরি",
  "lexicon_title": "আমার লেক্সিকন",
  "tooltip_dark_mode": "ডার্ক/লাইট মোড",
  "tooltip_change_language": "ভাষা পরিবর্তন করুন",
  "tooltip_focus_mode": "ফোকাসড রিডিং মোড",
  "tooltip_pen": "কলম",
  "tooltip_palette": "প্যালেট",
  "tooltip_paint": "রং",
  "tooltip_brush": "তুলি",
  "tooltip_comb": "চিরুনি",
  "add_document_button": "যোগ করুন",
  "document_title_placeholder": "নথির শিরোনাম...",
  "document_text_placeholder": "এখানে আপনার টেক্সট পেস্ট করুন...",
  "reader_no_document_selected": "পড়া শুরু করতে আপনার লাইব্রেরি থেকে একটি নথি নির্বাচন করুন।",
  "library_empty_message": "আপনার লাইব্রেরিতে কোনো নথি নেই।",
  "lexicon_empty_message": "আপনার লেক্সিকন খালি।",
  "tooltip_show_left_panel": "বাম প্যানেল দেখান",
  "tooltip_hide_left_panel": "বাম প্যানেল লুকান",
  "tooltip_show_right_panel": "ডান প্যানেল দেখান",
  "tooltip_hide_right_panel": "ডান প্যানেল লুকান",
  "toast_theme_change_error": "থিম পরিবর্তন করা যায়নি।",
  "toast_account_in_development": "অ্যাকাউন্ট বৈশিষ্ট্য উন্নয়নে রয়েছে!",
  "toast_account_error": "অ্যাকাউন্ট বিভাগে ত্রুটি।",
  "toast_panel_error": "প্যানেল পরিচালনার সময় ত্রুটি।",
  "toast_view_change_error": "উফ! বিভাগ খোলা যায়নি।",
  "toast_focus_mode_activated": "ফোকাস মোড: সক্রিয়",
  "toast_focus_mode_deactivated": "ফোকাস মোড: নিষ্ক্রিয়",
  "toast_focus_mode_error": "ফোকাস মোড পরিবর্তনে ত্রুটি।",
  "toast_main_menu_load_error": "প্রধান মেনু লোড করতে ত্রুটি।"
}