{
  "app_title": "LEXICON AI",
  "user_account_name": "Benutzer",
  "no_document_selected_title": "Kein Dokument",
  "toast_ready": "Bereit",
  "library_title": "Bibliothek",
  "lexicon_title": "Mein Lexikon",
  "tooltip_dark_mode": "Dunkel/Hell-Modus",
  "tooltip_change_language": "Sprache ändern",
  "tooltip_focus_mode": "Fokus-Lesemodus",
  "tooltip_pen": "Stift",
  "tooltip_palette": "Palette",
  "tooltip_paint": "Farbe",
  "tooltip_brush": "Pinsel",
  "tooltip_comb": "Kamm",
  "add_document_button": "Hinzufügen",
  "document_title_placeholder": "Dokumenttitel...",
  "document_text_placeholder": "Fügen Sie hier Ihren Text ein...",
  "reader_no_document_selected": "Wählen Sie ein Dokument aus Ihrer Bibliothek, um mit dem Lesen zu beginnen.",
  "library_empty_message": "Es gibt keine Dokumente in Ihrer Bibliothek.",
  "lexicon_empty_message": "Ihr Lexikon ist leer.",
  "tooltip_show_left_panel": "Linkes Panel anzeigen",
  "tooltip_hide_left_panel": "Linkes Panel ausblenden",
  "tooltip_show_right_panel": "Rechtes Panel anzeigen",
  "tooltip_hide_right_panel": "Rechtes Panel ausblenden",
  "toast_theme_change_error": "Das Thema konnte nicht geändert werden.",
  "toast_account_in_development": "Kontofunktion in Entwicklung!",
  "toast_account_error": "Fehler im Kontobereich.",
  "toast_panel_error": "Fehler beim Bedienen des Panels.",
  "toast_view_change_error": "Hoppla! Der Abschnitt konnte nicht geöffnet werden.",
  "toast_focus_mode_activated": "Fokusmodus: Aktiviert",
  "toast_focus_mode_deactivated": "Fokusmodus: Deaktiviert",
  "toast_focus_mode_error": "Fehler beim Ändern des Fokusmodus.",
  "toast_main_menu_load_error": "Fehler beim Laden des Hauptmenüs."
}