{
  "app_title": "LEXICON AI",
  "user_account_name": "Χρήστης",
  "no_document_selected_title": "Δεν επιλέχθηκε έγγραφο",
  "toast_ready": "Έτοιμο",
  "library_title": "Βιβλιοθήκη",
  "lexicon_title": "Το Λεξικό μου",
  "tooltip_dark_mode": "Σκούρο/Φωτεινό θέμα",
  "tooltip_change_language": "Αλλαγή γλώσσας",
  "tooltip_focus_mode": "Λειτουργία εστιασμένης ανάγνωσης",
  "tooltip_pen": "Στυλό",
  "tooltip_palette": "Παλέτα",
  "tooltip_paint": "Χρώμα",
  "tooltip_brush": "Πινέλο",
  "tooltip_comb": "Χτένα",
  "add_document_button": "Προσθήκη",
  "document_title_placeholder": "Τίτλος εγγράφου...",
  "document_text_placeholder": "Επικολλήστε το κείμενό σας εδώ...",
  "reader_no_document_selected": "Επιλέξτε έγγραφο από τη βιβλιοθήκη σας για να ξεκινήσετε την ανάγνωση.",
  "library_empty_message": "Δεν υπάρχουν έγγραφα στη βιβλιοθήκη σας.",
  "lexicon_empty_message": "Το λεξικό σας είναι άδειο.",
  "tooltip_show_left_panel": "Εμφάνιση αριστερής πλευράς",
  "tooltip_hide_left_panel": "Απόκρυψη αριστερής πλευράς",
  "tooltip_show_right_panel": "Εμφάνιση δεξιάς πλευράς",
  "tooltip_hide_right_panel": "Απόκρυψη δεξιάς πλευράς",
  "toast_theme_change_error": "Αδυναμία αλλαγής θέματος.",
  "toast_account_in_development": "Η δυνατότητα λογαριασμού είναι υπό ανάπτυξη!",
  "toast_account_error": "Σφάλμα στην ενότητα λογαριασμού.",
  "toast_panel_error": "Σφάλμα κατά τη λειτουργία του πάνελ.",
  "toast_view_change_error": "Σφάλμα! Δεν είναι δυνατή η ανοίγματος ενότητας.",
  "toast_focus_mode_activated": "Λειτουργία εστίασης: Ενεργή",
  "toast_focus_mode_deactivated": "Λειτουργία εστίασης: Ανενεργή",
  "toast_focus_mode_error": "Σφάλμα κατά την αλλαγή λειτουργίας εστίασης.",
  "toast_main_menu_load_error": "Σφάλμα φόρτωσης του κύριου μενού."
}
