

{
  "app_title": "LEXICON AI",
  "user_account_name": "User",
  "no_document_selected_title": "No document",
  "toast_ready": "Ready",
  "library_title": "Library",
  "lexicon_title": "My Lexicon",
  "tooltip_dark_mode": "Dark/light mode",
  "tooltip_change_language": "Change language",
  "tooltip_focus_mode": "Focused reading mode",
  "tooltip_pen": "Pen",
  "tooltip_palette": "Palette",
  "tooltip_paint": "Paint",
  "tooltip_brush": "Brush",
  "tooltip_comb": "Comb",
  "add_document_button": "Add",
  "document_title_placeholder": "Document title...",
  "document_text_placeholder": "Paste your text here...",
  "reader_no_document_selected": "Select a document from your library to start reading.",
  "library_empty_message": "There are no documents in your library.",
  "lexicon_empty_message": "Your lexicon is empty.",
  "tooltip_show_left_panel": "Show Left Panel",
  "tooltip_hide_left_panel": "Hide Left Panel",
  "tooltip_show_right_panel": "Show Right Panel",
  "tooltip_hide_right_panel": "Hide Right Panel",
  "toast_theme_change_error": "Could not change the theme.",
  "toast_account_in_development": "Account functionality in development!",
  "toast_account_error": "Error in the account section.",
  "toast_panel_error": "Error while operating the panel.",
  "toast_view_change_error": "Oops! Could not open the section.",
  "toast_focus_mode_activated": "Focus Mode: Activated",
  "toast_focus_mode_deactivated": "Focus Mode: Deactivated",
  "toast_focus_mode_error": "Error changing focus mode.",
  "toast_main_menu_load_error": "Error loading the main menu."
}