{
  "app_title": "LEXICON AI",
  "user_account_name": "Usuario",
  "no_document_selected_title": "Sin documento",
  "toast_ready": "Listo",
  "library_title": "Biblioteca",
  "lexicon_title": "Mi Léxico",
  "tooltip_dark_mode": "Modo oscuro/claro",
  "tooltip_change_language": "Cambiar idioma",
  "tooltip_focus_mode": "Modo de lectura focalizada",
  "tooltip_pen": "Bolígrafo",
  "tooltip_palette": "Paleta",
  "tooltip_paint": "Pintar",
  "tooltip_brush": "Pincel",
  "tooltip_comb": "Cepillo",
  "add_document_button": "Agregar",
  "document_title_placeholder": "Título del documento...",
  "document_text_placeholder": "Pega aquí tu texto...",
  "reader_no_document_selected": "Selecciona un documento de tu biblioteca para empezar a leer.",
  "library_empty_message": "No hay documentos en tu biblioteca.",
  "lexicon_empty_message": "Tu léxico está vacío.",
  "tooltip_show_left_panel": "Mostrar Panel Izquierdo",
  "tooltip_hide_left_panel": "Ocultar Panel Izquierdo",
  "tooltip_show_right_panel": "Mostrar Panel Derecho",
  "tooltip_hide_right_panel": "Ocultar Panel Derecho",
  "toast_theme_change_error": "No se pudo cambiar el tema.",
  "toast_account_in_development": "¡Funcionalidad de cuenta en desarrollo!",
  "toast_account_error": "Error en la sección de cuenta.",
  "toast_panel_error": "Error al operar el panel.",
  "toast_view_change_error": "¡Ups! No se pudo abrir la sección.",
  "toast_focus_mode_activated": "Modo Focalizado: Activado",
  "toast_focus_mode_deactivated": "Modo Focalizado: Desactivado",
  "toast_focus_mode_error": "Error al cambiar el modo focalizado.",
  "toast_main_menu_load_error": "Error al cargar el menú principal."
}
