{
  "app_title": "LEXICON AI",
  "user_account_name": "کاربر",
  "no_document_selected_title": "سندی وجود ندارد",
  "toast_ready": "آماده",
  "library_title": "کتابخانه",
  "lexicon_title": "واژه‌نامه من",
  "tooltip_dark_mode": "حالت تاریک/روشن",
  "tooltip_change_language": "تغییر زبان",
  "tooltip_focus_mode": "حالت مطالعه متمرکز",
  "tooltip_pen": "خودکار",
  "tooltip_palette": "پالت",
  "tooltip_paint": "رنگ",
  "tooltip_brush": "قلم‌مو",
  "tooltip_comb": "شانه",
  "add_document_button": "افزودن",
  "document_title_placeholder": "عنوان سند...",
  "document_text_placeholder": "متن خود را اینجا جای‌گذاری کنید...",
  "reader_no_document_selected": "برای شروع مطالعه یک سند از کتابخانه انتخاب کنید.",
  "library_empty_message": "کتابخانه شما خالی است.",
  "lexicon_empty_message": "واژه‌نامه شما خالی است.",
  "tooltip_show_left_panel": "نمایش پنل سمت چپ",
  "tooltip_hide_left_panel": "مخفی کردن پنل سمت چپ",
  "tooltip_show_right_panel": "نمایش پنل سمت راست",
  "tooltip_hide_right_panel": "مخفی کردن پنل سمت راست",
  "toast_theme_change_error": "تغییر تم ممکن نیست.",
  "toast_account_in_development": "ویژگی حساب در حال توسعه است!",
  "toast_account_error": "خطا در بخش حساب.",
  "toast_panel_error": "خطا هنگام اجرای پنل.",
  "toast_view_change_error": "خطا در باز کردن بخش.",
  "toast_focus_mode_activated": "حالت تمرکز: فعال",
  "toast_focus_mode_deactivated": "حالت تمرکز: غیرفعال",
  "toast_focus_mode_error": "خطا در تغییر حالت تمرکز.",
  "toast_main_menu_load_error": "خطا در بارگذاری منوی اصلی."
}
