{
  "app_title": "LEXICON AI",
  "user_account_name": "Gumagamit",
  "no_document_selected_title": "Walang dokumento",
  "toast_ready": "Handa na",
  "library_title": "Aklatan",
  "lexicon_title": "Aking Leksikon",
  "tooltip_dark_mode": "Madilim/Maliwanag na mode",
  "tooltip_change_language": "Palitan ang wika",
  "tooltip_focus_mode": "Nakatutok na mode ng pagbabasa",
  "tooltip_pen": "Panulat",
  "tooltip_palette": "Paleta",
  "tooltip_paint": "Pintura",
  "tooltip_brush": "Brush",
  "tooltip_comb": "Suklay",
  "add_document_button": "Idagdag",
  "document_title_placeholder": "Pamagat ng dokumento...",
  "document_text_placeholder": "I-paste ang iyong teksto dito...",
  "reader_no_document_selected": "Pumili ng dokumento mula sa iyong aklatan upang magsimulang magbasa.",
  "library_empty_message": "Walang dokumento sa iyong aklatan.",
  "lexicon_empty_message": "Walang laman ang iyong leksikon.",
  "tooltip_show_left_panel": "Ipakita ang kaliwang panel",
  "tooltip_hide_left_panel": "Itago ang kaliwang panel",
  "tooltip_show_right_panel": "Ipakita ang kanang panel",
  "tooltip_hide_right_panel": "Itago ang kanang panel",
  "toast_theme_change_error": "Hindi mabago ang tema.",
  "toast_account_in_development": "Ginagawa pa ang tampok ng account!",
  "toast_account_error": "Error sa seksyon ng account.",
  "toast_panel_error": "Error habang nagpapatakbo ng panel.",
  "toast_view_change_error": "Oops! Hindi mabuksan ang seksyon.",
  "toast_focus_mode_activated": "Focus Mode: Naka-aktibo",
  "toast_focus_mode_deactivated": "Focus Mode: Naka-deaktibo",
  "toast_focus_mode_error": "Error sa pagbabago ng focus mode.",
  "toast_main_menu_load_error": "Error sa pag-load ng pangunahing menu."
}
