{
  "app_title": "LEXICON AI",
  "user_account_name": "Utilisateur",
  "no_document_selected_title": "Aucun document",
  "toast_ready": "Prêt",
  "library_title": "Bibliothèque",
  "lexicon_title": "Mon Lexique",
  "tooltip_dark_mode": "Mode sombre/clair",
  "tooltip_change_language": "Changer de langue",
  "tooltip_focus_mode": "Mode de lecture focalisée",
  "tooltip_pen": "Stylo",
  "tooltip_palette": "Palette",
  "tooltip_paint": "Peinture",
  "tooltip_brush": "Pinceau",
  "tooltip_comb": "Peigne",
  "add_document_button": "Ajouter",
  "document_title_placeholder": "Titre du document...",
  "document_text_placeholder": "Collez votre texte ici...",
  "reader_no_document_selected": "Sélectionnez un document de votre bibliothèque pour commencer la lecture.",
  "library_empty_message": "Il n’y a aucun document dans votre bibliothèque.",
  "lexicon_empty_message": "Votre lexique est vide.",
  "tooltip_show_left_panel": "Afficher le panneau de gauche",
  "tooltip_hide_left_panel": "Masquer le panneau de gauche",
  "tooltip_show_right_panel": "Afficher le panneau de droite",
  "tooltip_hide_right_panel": "Masquer le panneau de droite",
  "toast_theme_change_error": "Impossible de changer le thème.",
  "toast_account_in_development": "Fonctionnalité de compte en développement !",
  "toast_account_error": "Erreur dans la section du compte.",
  "toast_panel_error": "Erreur lors de l’utilisation du panneau.",
  "toast_view_change_error": "Oups ! Impossible d’ouvrir la section.",
  "toast_focus_mode_activated": "Mode Focalisé : Activé",
  "toast_focus_mode_deactivated": "Mode Focalisé : Désactivé",
  "toast_focus_mode_error": "Erreur lors du changement du mode focalisé.",
  "toast_main_menu_load_error": "Erreur lors du chargement du menu principal."
}
