{
  "app_title": "LEXICON AI",
  "user_account_name": "उपयोगकर्ता",
  "no_document_selected_title": "कोई दस्तावेज़ नहीं",
  "toast_ready": "तैयार",
  "library_title": "पुस्तकालय",
  "lexicon_title": "मेरा लेक्सिकॉन",
  "tooltip_dark_mode": "डार्क/लाइट मोड",
  "tooltip_change_language": "भाषा बदलें",
  "tooltip_focus_mode": "केंद्रित पठन मोड",
  "tooltip_pen": "कलम",
  "tooltip_palette": "पैलेट",
  "tooltip_paint": "पेंट",
  "tooltip_brush": "ब्रश",
  "tooltip_comb": "कंघी",
  "add_document_button": "जोड़ें",
  "document_title_placeholder": "दस्तावेज़ शीर्षक...",
  "document_text_placeholder": "यहाँ अपना पाठ चिपकाएँ...",
  "reader_no_document_selected": "पढ़ना शुरू करने के लिए अपनी लाइब्रेरी से कोई दस्तावेज़ चुनें।",
  "library_empty_message": "आपकी लाइब्रेरी में कोई दस्तावेज़ नहीं है।",
  "lexicon_empty_message": "आपका लेक्सिकॉन खाली है।",
  "tooltip_show_left_panel": "बाएँ पैनल दिखाएँ",
  "tooltip_hide_left_panel": "बाएँ पैनल छिपाएँ",
  "tooltip_show_right_panel": "दाएँ पैनल दिखाएँ",
  "tooltip_hide_right_panel": "दाएँ पैनल छिपाएँ",
  "toast_theme_change_error": "थीम बदली नहीं जा सकी।",
  "toast_account_in_development": "खाता कार्यक्षमता विकासाधीन है!",
  "toast_account_error": "खाता अनुभाग में त्रुटि।",
  "toast_panel_error": "पैनल संचालन के दौरान त्रुटि।",
  "toast_view_change_error": "ओह! अनुभाग नहीं खोला जा सका।",
  "toast_focus_mode_activated": "फ़ोकस मोड: सक्रिय",
  "toast_focus_mode_deactivated": "फ़ोकस मोड: निष्क्रिय",
  "toast_focus_mode_error": "फ़ोकस मोड बदलते समय त्रुटि।",
  "toast_main_menu_load_error": "मुख्य मेनू लोड करने में त्रुटि।"
}