{
  "app_title": "LEXICON AI",
  "user_account_name": "Utente",
  "no_document_selected_title": "Nessun documento",
  "toast_ready": "Pronto",
  "library_title": "Biblioteca",
  "lexicon_title": "Il Mio Lessico",
  "tooltip_dark_mode": "Modalità scura/chiara",
  "tooltip_change_language": "Cambia lingua",
  "tooltip_focus_mode": "Modalità di lettura focalizzata",
  "tooltip_pen": "Penna",
  "tooltip_palette": "Tavolozza",
  "tooltip_paint": "Vernice",
  "tooltip_brush": "Pennello",
  "tooltip_comb": "Pettine",
  "add_document_button": "Aggiungi",
  "document_title_placeholder": "Titolo del documento...",
  "document_text_placeholder": "Incolla qui il tuo testo...",
  "reader_no_document_selected": "Seleziona un documento dalla tua biblioteca per iniziare a leggere.",
  "library_empty_message": "Non ci sono documenti nella tua biblioteca.",
  "lexicon_empty_message": "Il tuo lessico è vuoto.",
  "tooltip_show_left_panel": "Mostra pannello sinistro",
  "tooltip_hide_left_panel": "Nascondi pannello sinistro",
  "tooltip_show_right_panel": "Mostra pannello destro",
  "tooltip_hide_right_panel": "Nascondi pannello destro",
  "toast_theme_change_error": "Impossibile cambiare il tema.",
  "toast_account_in_development": "Funzionalità account in sviluppo!",
  "toast_account_error": "Errore nella sezione account.",
  "toast_panel_error": "Errore durante l'uso del pannello.",
  "toast_view_change_error": "Ops! Impossibile aprire la sezione.",
  "toast_focus_mode_activated": "Modalità Focalizzata: Attivata",
  "toast_focus_mode_deactivated": "Modalità Focalizzata: Disattivata",
  "toast_focus_mode_error": "Errore nel cambio della modalità focalizzata.",
  "toast_main_menu_load_error": "Errore durante il caricamento del menu principale."
}