{
  "app_title": "LEXICON AI",
  "user_account_name": "ユーザー",
  "no_document_selected_title": "ドキュメントなし",
  "toast_ready": "準備完了",
  "library_title": "ライブラリ",
  "lexicon_title": "私のレキシコン",
  "tooltip_dark_mode": "ダーク/ライトモード",
  "tooltip_change_language": "言語を変更",
  "tooltip_focus_mode": "集中読書モード",
  "tooltip_pen": "ペン",
  "tooltip_palette": "パレット",
  "tooltip_paint": "ペイント",
  "tooltip_brush": "ブラシ",
  "tooltip_comb": "くし",
  "add_document_button": "追加",
  "document_title_placeholder": "ドキュメントのタイトル...",
  "document_text_placeholder": "ここにテキストを貼り付けてください...",
  "reader_no_document_selected": "ライブラリからドキュメントを選択して読み始めてください。",
  "library_empty_message": "ライブラリにドキュメントがありません。",
  "lexicon_empty_message": "あなたのレキシコンは空です。",
  "tooltip_show_left_panel": "左パネルを表示",
  "tooltip_hide_left_panel": "左パネルを非表示",
  "tooltip_show_right_panel": "右パネルを表示",
  "tooltip_hide_right_panel": "右パネルを非表示",
  "toast_theme_change_error": "テーマを変更できませんでした。",
  "toast_account_in_development": "アカウント機能は開発中です！",
  "toast_account_error": "アカウントセクションでエラーが発生しました。",
  "toast_panel_error": "パネル操作中にエラーが発生しました。",
  "toast_view_change_error": "セクションを開けませんでした。",
  "toast_focus_mode_activated": "集中モード: 有効",
  "toast_focus_mode_deactivated": "集中モード: 無効",
  "toast_focus_mode_error": "集中モードの切り替え中にエラー。",
  "toast_main_menu_load_error": "メインメニューの読み込みエラー。"
}