{
  "app_title": "LEXICON AI",
  "user_account_name": "사용자",
  "no_document_selected_title": "문서 없음",
  "toast_ready": "준비 완료",
  "library_title": "라이브러리",
  "lexicon_title": "내 렉시콘",
  "tooltip_dark_mode": "다크/라이트 모드",
  "tooltip_change_language": "언어 변경",
  "tooltip_focus_mode": "집중 읽기 모드",
  "tooltip_pen": "펜",
  "tooltip_palette": "팔레트",
  "tooltip_paint": "페인트",
  "tooltip_brush": "브러시",
  "tooltip_comb": "빗",
  "add_document_button": "추가",
  "document_title_placeholder": "문서 제목...",
  "document_text_placeholder": "여기에 텍스트를 붙여넣으세요...",
  "reader_no_document_selected": "읽기를 시작하려면 라이브러리에서 문서를 선택하세요.",
  "library_empty_message": "라이브러리에 문서가 없습니다.",
  "lexicon_empty_message": "당신의 렉시콘이 비어 있습니다.",
  "tooltip_show_left_panel": "왼쪽 패널 표시",
  "tooltip_hide_left_panel": "왼쪽 패널 숨기기",
  "tooltip_show_right_panel": "오른쪽 패널 표시",
  "tooltip_hide_right_panel": "오른쪽 패널 숨기기",
  "toast_theme_change_error": "테마를 변경할 수 없습니다.",
  "toast_account_in_development": "계정 기능 개발 중!",
  "toast_account_error": "계정 섹션 오류.",
  "toast_panel_error": "패널 작동 중 오류.",
  "toast_view_change_error": "섹션을 열 수 없습니다.",
  "toast_focus_mode_activated": "집중 모드: 활성화됨",
  "toast_focus_mode_deactivated": "집중 모드: 비활성화됨",
  "toast_focus_mode_error": "집중 모드 변경 오류.",
  "toast_main_menu_load_error": "메인 메뉴 로드 오류."
}