{
  "app_title": "LEXICON AI",
  "user_account_name": "Użytkownik",
  "no_document_selected_title": "Brak dokumentu",
  "toast_ready": "Gotowe",
  "library_title": "Biblioteka",
  "lexicon_title": "Mój leksykon",
  "tooltip_dark_mode": "Tryb ciemny/jasny",
  "tooltip_change_language": "Zmień język",
  "tooltip_focus_mode": "Tryb czytania z koncentracją",
  "tooltip_pen": "Długopis",
  "tooltip_palette": "Paleta",
  "tooltip_paint": "Farba",
  "tooltip_brush": "Pędzel",
  "tooltip_comb": "Grzebień",
  "add_document_button": "Dodaj",
  "document_title_placeholder": "Tytuł dokumentu...",
  "document_text_placeholder": "Wklej tutaj swój tekst...",
  "reader_no_document_selected": "Wybierz dokument z biblioteki, aby rozpocząć czytanie.",
  "library_empty_message": "Brak dokumentów w twojej bibliotece.",
  "lexicon_empty_message": "Twój leksykon jest pusty.",
  "tooltip_show_left_panel": "Pokaż panel po lewej",
  "tooltip_hide_left_panel": "Ukryj panel po lewej",
  "tooltip_show_right_panel": "Pokaż panel po prawej",
  "tooltip_hide_right_panel": "Ukryj panel po prawej",
  "toast_theme_change_error": "Nie udało się zmienić motywu.",
  "toast_account_in_development": "Funkcja konta jest w trakcie opracowywania!",
  "toast_account_error": "Błąd w sekcji konta.",
  "toast_panel_error": "Błąd podczas działania panelu.",
  "toast_view_change_error": "Ups! Nie można otworzyć sekcji.",
  "toast_focus_mode_activated": "Tryb koncentracji: Aktywny",
  "toast_focus_mode_deactivated": "Tryb koncentracji: Nieaktywny",
  "toast_focus_mode_error": "Błąd podczas zmiany trybu koncentracji.",
  "toast_main_menu_load_error": "Błąd ładowania głównego menu."
}
