{
  "app_title": "LEXICON AI",
  "user_account_name": "Usuário",
  "no_document_selected_title": "Nenhum documento",
  "toast_ready": "Pronto",
  "library_title": "Biblioteca",
  "lexicon_title": "Meu Léxico",
  "tooltip_dark_mode": "Modo escuro/claro",
  "tooltip_change_language": "Alterar idioma",
  "tooltip_focus_mode": "Modo de leitura focada",
  "tooltip_pen": "Caneta",
  "tooltip_palette": "Paleta",
  "tooltip_paint": "Pintura",
  "tooltip_brush": "Pincel",
  "tooltip_comb": "Pente",
  "add_document_button": "Adicionar",
  "document_title_placeholder": "Título do documento...",
  "document_text_placeholder": "Cole seu texto aqui...",
  "reader_no_document_selected": "Selecione um documento da sua biblioteca para começar a leitura.",
  "library_empty_message": "Não há documentos na sua biblioteca.",
  "lexicon_empty_message": "Seu léxico está vazio.",
  "tooltip_show_left_panel": "Mostrar painel esquerdo",
  "tooltip_hide_left_panel": "Ocultar painel esquerdo",
  "tooltip_show_right_panel": "Mostrar painel direito",
  "tooltip_hide_right_panel": "Ocultar painel direito",
  "toast_theme_change_error": "Não foi possível alterar o tema.",
  "toast_account_in_development": "Funcionalidade de conta em desenvolvimento!",
  "toast_account_error": "Erro na seção de conta.",
  "toast_panel_error": "Erro ao operar o painel.",
  "toast_view_change_error": "Ops! Não foi possível abrir a seção.",
  "toast_focus_mode_activated": "Modo de Foco: Ativado",
  "toast_focus_mode_deactivated": "Modo de Foco: Desativado",
  "toast_focus_mode_error": "Erro ao mudar o modo de foco.",
  "toast_main_menu_load_error": "Erro ao carregar o menu principal."
}