{
  "app_title": "LEXICON AI",
  "user_account_name": "Пользователь",
  "no_document_selected_title": "Нет документа",
  "toast_ready": "Готово",
  "library_title": "Библиотека",
  "lexicon_title": "Мой Лексикон",
  "tooltip_dark_mode": "Тёмный/светлый режим",
  "tooltip_change_language": "Сменить язык",
  "tooltip_focus_mode": "Режим фокусированного чтения",
  "tooltip_pen": "Ручка",
  "tooltip_palette": "Палитра",
  "tooltip_paint": "Краска",
  "tooltip_brush": "Кисть",
  "tooltip_comb": "Гребень",
  "add_document_button": "Добавить",
  "document_title_placeholder": "Название документа...",
  "document_text_placeholder": "Вставьте ваш текст здесь...",
  "reader_no_document_selected": "Выберите документ из вашей библиотеки, чтобы начать чтение.",
  "library_empty_message": "В вашей библиотеке нет документов.",
  "lexicon_empty_message": "Ваш лексикон пуст.",
  "tooltip_show_left_panel": "Показать левую панель",
  "tooltip_hide_left_panel": "Скрыть левую панель",
  "tooltip_show_right_panel": "Показать правую панель",
  "tooltip_hide_right_panel": "Скрыть правую панель",
  "toast_theme_change_error": "Не удалось изменить тему.",
  "toast_account_in_development": "Функционал аккаунта в разработке!",
  "toast_account_error": "Ошибка в разделе аккаунта.",
  "toast_panel_error": "Ошибка при работе с панелью.",
  "toast_view_change_error": "Упс! Не удалось открыть раздел.",
  "toast_focus_mode_activated": "Режим Фокуса: Активирован",
  "toast_focus_mode_deactivated": "Режим Фокуса: Деактивирован",
  "toast_focus_mode_error": "Ошибка при смене режима фокуса.",
  "toast_main_menu_load_error": "Ошибка загрузки главного меню."
}