{
  "app_title": "LEXICON AI",
  "user_account_name": "Mtumiaji",
  "no_document_selected_title": "Hakuna hati",
  "toast_ready": "Tayari",
  "library_title": "Maktaba",
  "lexicon_title": "Kamusi Yangu",
  "tooltip_dark_mode": "Hali ya giza/nyepesi",
  "tooltip_change_language": "Badilisha lugha",
  "tooltip_focus_mode": "Hali ya kusoma kwa umakini",
  "tooltip_pen": "Kalamu",
  "tooltip_palette": "Paleti",
  "tooltip_paint": "Rangi",
  "tooltip_brush": "Brashi",
  "tooltip_comb": "Kamu",
  "add_document_button": "Ongeza",
  "document_title_placeholder": "Kichwa cha hati...",
  "document_text_placeholder": "Weka maandiko yako hapa...",
  "reader_no_document_selected": "Chagua hati kutoka maktaba yako kuanza kusoma.",
  "library_empty_message": "Hakuna hati kwenye maktaba yako.",
  "lexicon_empty_message": "Kamusi yako iko tupu.",
  "tooltip_show_left_panel": "Onyesha paneli ya kushoto",
  "tooltip_hide_left_panel": "Ficha paneli ya kushoto",
  "tooltip_show_right_panel": "Onyesha paneli ya kulia",
  "tooltip_hide_right_panel": "Ficha paneli ya kulia",
  "toast_theme_change_error": "Imeshindwa kubadilisha mandhari.",
  "toast_account_in_development": "Sehemu ya akaunti bado inatengenezwa!",
  "toast_account_error": "Hitilafu katika sehemu ya akaunti.",
  "toast_panel_error": "Hitilafu ilitokea wakati wa paneli.",
  "toast_view_change_error": "Hitilafu! Haiwezi kufungua sehemu.",
  "toast_focus_mode_activated": "Hali ya Umakini: Imewezeshwa",
  "toast_focus_mode_deactivated": "Hali ya Umakini: Imezimwa",
  "toast_focus_mode_error": "Hitilafu wakati wa kubadilisha hali ya umakini.",
  "toast_main_menu_load_error": "Hitilafu wakati wa kupakia menyu kuu."
}
