{
  "app_title": "LEXICON AI",
  "user_account_name": "Kullanıcı",
  "no_document_selected_title": "Belge yok",
  "toast_ready": "Hazır",
  "library_title": "Kütüphane",
  "lexicon_title": "Sözlüğüm",
  "tooltip_dark_mode": "Koyu/Açık mod",
  "tooltip_change_language": "Dili değiştir",
  "tooltip_focus_mode": "Odaklı okuma modu",
  "tooltip_pen": "Kalem",
  "tooltip_palette": "Palet",
  "tooltip_paint": "Boya",
  "tooltip_brush": "Fırça",
  "tooltip_comb": "Tarak",
  "add_document_button": "Ekle",
  "document_title_placeholder": "Belge başlığı...",
  "document_text_placeholder": "Metninizi buraya yapıştırın...",
  "reader_no_document_selected": "Okumaya başlamak için kütüphanenizden bir belge seçin.",
  "library_empty_message": "Kütüphanenizde belge yok.",
  "lexicon_empty_message": "Sözlüğünüz boş.",
  "tooltip_show_left_panel": "Sol paneli göster",
  "tooltip_hide_left_panel": "Sol paneli gizle",
  "tooltip_show_right_panel": "Sağ paneli göster",
  "tooltip_hide_right_panel": "Sağ paneli gizle",
  "toast_theme_change_error": "Tema değiştirilemedi.",
  "toast_account_in_development": "Hesap özelliği geliştirme aşamasında!",
  "toast_account_error": "Hesap bölümünde hata.",
  "toast_panel_error": "Panel çalıştırılırken hata oluştu.",
  "toast_view_change_error": "Hata! Bölüm açılamadı.",
  "toast_focus_mode_activated": "Odak Modu: Etkin",
  "toast_focus_mode_deactivated": "Odak Modu: Devre Dışı",
  "toast_focus_mode_error": "Odak modunu değiştirirken hata.",
  "toast_main_menu_load_error": "Ana menü yüklenirken hata oluştu."
}