{
  "app_title": "LEXICON AI",
  "user_account_name": "Користувач",
  "no_document_selected_title": "Документ не вибрано",
  "toast_ready": "Готово",
  "library_title": "Бібліотека",
  "lexicon_title": "Мій лексикон",
  "tooltip_dark_mode": "Темний/Світлий режим",
  "tooltip_change_language": "Змінити мову",
  "tooltip_focus_mode": "Режим зосередженого читання",
  "tooltip_pen": "Ручка",
  "tooltip_palette": "Палітра",
  "tooltip_paint": "Фарба",
  "tooltip_brush": "Пензель",
  "tooltip_comb": "Гребінець",
  "add_document_button": "Додати",
  "document_title_placeholder": "Назва документа...",
  "document_text_placeholder": "Вставте ваш текст тут...",
  "reader_no_document_selected": "Виберіть документ із бібліотеки, щоб почати читати.",
  "library_empty_message": "У вашій бібліотеці немає документів.",
  "lexicon_empty_message": "Ваш лексикон порожній.",
  "tooltip_show_left_panel": "Показати ліву панель",
  "tooltip_hide_left_panel": "Приховати ліву панель",
  "tooltip_show_right_panel": "Показати праву панель",
  "tooltip_hide_right_panel": "Приховати праву панель",
  "toast_theme_change_error": "Не вдалося змінити тему.",
  "toast_account_in_development": "Функція акаунту в розробці!",
  "toast_account_error": "Помилка в розділі акаунту.",
  "toast_panel_error": "Помилка при роботі з панеллю.",
  "toast_view_change_error": "Помилка! Неможливо відкрити розділ.",
  "toast_focus_mode_activated": "Режим фокусу: Активний",
  "toast_focus_mode_deactivated": "Режим фокусу: Вимкнено",
  "toast_focus_mode_error": "Помилка при зміні режиму фокусу.",
  "toast_main_menu_load_error": "Помилка завантаження головного меню."
}
