{
  "app_title": "LEXICON AI",
  "user_account_name": "用户",
  "no_document_selected_title": "无文档",
  "toast_ready": "准备就绪",
  "library_title": "资料库",
  "lexicon_title": "我的词库",
  "tooltip_dark_mode": "深色/浅色模式",
  "tooltip_change_language": "更改语言",
  "tooltip_focus_mode": "专注阅读模式",
  "tooltip_pen": "笔",
  "tooltip_palette": "调色板",
  "tooltip_paint": "涂料",
  "tooltip_brush": "画笔",
  "tooltip_comb": "梳子",
  "add_document_button": "添加",
  "document_title_placeholder": "文档标题...",
  "document_text_placeholder": "在此粘贴您的文本...",
  "reader_no_document_selected": "从资料库中选择文档开始阅读。",
  "library_empty_message": "您的资料库中没有文档。",
  "lexicon_empty_message": "您的词库为空。",
  "tooltip_show_left_panel": "显示左侧面板",
  "tooltip_hide_left_panel": "隐藏左侧面板",
  "tooltip_show_right_panel": "显示右侧面板",
  "tooltip_hide_right_panel": "隐藏右侧面板",
  "toast_theme_change_error": "无法更改主题。",
  "toast_account_in_development": "账户功能开发中！",
  "toast_account_error": "账户部分出错。",
  "toast_panel_error": "操作面板时出错。",
  "toast_view_change_error": "哎呀！无法打开该部分。",
  "toast_focus_mode_activated": "专注模式: 已启用",
  "toast_focus_mode_deactivated": "专注模式: 已停用",
  "toast_focus_mode_error": "切换专注模式时出错。",
  "toast_main_menu_load_error": "加载主菜单时出错。"
}